0	org/apache/maven/settings/Settings/getPluginGroups()
1	org/apache/maven/settings/Mirror/getId()
2	org/apache/maven/settings/Server/getId()
3	org/codehaus/plexus/util/StringUtils/isEmpty(java.lang.String)
4	org/apache/maven/settings/Settings/getMirrors()
5	java/util/Iterator/hasNext()
6	org/apache/maven/settings/Settings/getServers()
7	org/apache/maven/settings/Settings/getProxies()
8	org/apache/maven/settings/Settings/getActiveProfiles()
9	java/util/List/get(int)
10	java/lang/StringBuilder/toString()
11	java/util/HashSet/HashSet()
12	java/lang/StringBuilder/append(java.lang.String)
13	org/apache/maven/settings/Mirror/getMirrorOf()
14	org/apache/maven/settings/Settings/setActiveProfiles(java.util.List)
15	java/lang/String/equals(java.lang.Object)
16	org/codehaus/plexus/util/StringUtils/isBlank(java.lang.String)
17	java/util/ArrayList/ArrayList()
18	java/util/List/iterator()
19	org/apache/maven/settings/Settings/isUsePluginRegistry()
20	org/apache/maven/settings/Mirror/getUrl()
21	org/apache/maven/settings/Repository/getUrl()
22	java/util/Iterator/next()
23	java/lang/String/matches(java.lang.String)
24	java/lang/String/trim()
25	java/lang/StringBuilder/StringBuilder()
26	org/apache/maven/settings/Repository/getLayout()
27	org/apache/maven/settings/Profile/getRepositories()
28	org/apache/maven/settings/Settings/setLocalRepository(java.lang.String)
29	org/apache/maven/settings/Settings/setSourceLevel(java.lang.String)
30	java/util/Set/add(java.lang.Object)
31	org/apache/maven/settings/Settings/setPluginGroups(java.util.List)
32	org/apache/maven/settings/Profile/getPluginRepositories()
33	java/util/List/contains(java.lang.Object)
34	org/apache/maven/settings/Profile/getId()
35	java/util/List/add(java.lang.Object)
36	org/apache/maven/settings/Settings/getLocalRepository()
37	java/util/List/size()
38	java/lang/StringBuilder/append(int)
39	org/apache/maven/settings/Repository/getId()
40	org/apache/maven/settings/Settings/getProfiles()
