0	scala/MatchError/MatchError(java.lang.Object)
1	scala/collection/mutable/Map/get(java.lang.Object)
2	org/parboiled/matchers/ProxyMatcher/ProxyMatcher()
3	scala/Tuple7/_3()
4	scala/Tuple7/_4()
5	scala/collection/Seq/contains(java.lang.Object)
6	org/parboiled/matchers/ProxyMatcher/arm(org.parboiled.matchers.Matcher)
7	scala/Predef$/any2ArrowAssoc(java.lang.Object)
8	scala/Tuple7/_5()
9	scala/Function7/apply(java.lang.Object,java.lang.Object,java.lang.Object,java.lang.Object,java.lang.Object,java.lang.Object,java.lang.Object)
10	scala/Tuple7/_6()
11	scala/Tuple7/Tuple7(java.lang.Object,java.lang.Object,java.lang.Object,java.lang.Object,java.lang.Object,java.lang.Object,java.lang.Object)
12	scala/Tuple7/_7()
13	scala/Function1/apply(java.lang.Object)
14	org/parboiled/scala/package$/withCurrentRuleLabel(java.lang.String,scala.Function0)
15	scala/Predef$ArrowAssoc$/$minus$greater$extension(java.lang.Object,java.lang.Object)
16	scala/collection/mutable/Map/$plus$eq(scala.Tuple2)
17	java/lang/Object/equals(java.lang.Object)
18	scala/Tuple7/_1()
19	org/parboiled/scala/Parser$$anonfun$1/1(org.parboiled.scala.Parser,java.lang.String,scala.Function0)
20	scala/Function8/apply(java.lang.Object,java.lang.Object,java.lang.Object,java.lang.Object,java.lang.Object,java.lang.Object,java.lang.Object,java.lang.Object)
21	scala/Some/x()
22	scala/Tuple7/_2()
