0	org/bouncycastle/asn1/eac/ECDSAPublicKey/getBasePointG()
1	java/security/NoSuchProviderException/getMessage()
2	org/bouncycastle/asn1/eac/ECDSAPublicKey/getCofactorF()
3	org/bouncycastle/asn1/ASN1ObjectIdentifier/equals(java.lang.Object)
4	org/bouncycastle/asn1/pkcs/RSASSAPSSparams/getInstance(java.lang.Object)
5	java/math/BigInteger/intValue()
6	org/bouncycastle/asn1/eac/ECDSAPublicKey/getPublicPointY()
7	org/bouncycastle/math/ec/ECPoint$Fp/getAffineXCoord()
8	org/bouncycastle/asn1/eac/ECDSAPublicKey/getPrimeModulusP()
9	org/bouncycastle/asn1/ASN1ObjectIdentifier/getId()
10	java/lang/StringBuilder/toString()
11	org/bouncycastle/asn1/eac/ECDSAPublicKey/getOrderOfBasePointR()
12	java/lang/IllegalArgumentException/IllegalArgumentException(java.lang.String)
13	java/lang/StringBuilder/append(java.lang.String)
14	java/security/NoSuchAlgorithmException/getMessage()
15	org/bouncycastle/asn1/x509/AlgorithmIdentifier/getParameters()
16	org/bouncycastle/asn1/eac/ECDSAPublicKey/getSecondCoefB()
17	java/util/Map/containsKey(java.lang.Object)
18	org/bouncycastle/jce/spec/ECParameterSpec/getCurve()
19	org/bouncycastle/math/ec/ECPoint/getAffineXCoord()
20	org/bouncycastle/jce/spec/ECParameterSpec/ECParameterSpec(org.bouncycastle.math.ec.ECCurve,org.bouncycastle.math.ec.ECPoint,java.math.BigInteger,java.math.BigInteger)
21	org/bouncycastle/math/ec/ECPoint$Fp/getAffineYCoord()
22	org/bouncycastle/math/ec/ECCurve$Fp/decodePoint(byte[])
23	org/bouncycastle/asn1/eac/ECDSAPublicKey/hasParameters()
24	org/bouncycastle/asn1/DERNull/equals(java.lang.Object)
25	java/lang/StringBuilder/StringBuilder()
26	org/bouncycastle/math/ec/ECPoint/getAffineYCoord()
27	org/bouncycastle/math/ec/ECFieldElement/toBigInteger()
28	org/bouncycastle/math/ec/ECCurve$Fp/Fp(java.math.BigInteger,java.math.BigInteger,java.math.BigInteger)
29	org/bouncycastle/asn1/eac/ECDSAPublicKey/getFirstCoefA()
30	org/bouncycastle/asn1/pkcs/RSASSAPSSparams/getHashAlgorithm()
31	java/security/KeyFactory/generatePublic(java.security.spec.KeySpec)
32	org/bouncycastle/asn1/x509/AlgorithmIdentifier/getAlgorithm()
33	java/util/Map/get(java.lang.Object)
34	org/bouncycastle/math/ec/ECCurve/decodePoint(byte[])
35	java/security/spec/ECPoint/ECPoint(java.math.BigInteger,java.math.BigInteger)
36	java/security/spec/ECParameterSpec/ECParameterSpec(java.security.spec.EllipticCurve,java.security.spec.ECPoint,java.math.BigInteger,int)
37	org/bouncycastle/jce/spec/ECPublicKeySpec/ECPublicKeySpec(org.bouncycastle.math.ec.ECPoint,org.bouncycastle.jce.spec.ECParameterSpec)
