0	java/lang/Object/Object()
1	java/util/List/add(E)
2	java/util/LinkedList/LinkedList()
3	storm/trident/graph/GraphGrouper/addGroup(storm.trident.graph.Group)
4	java/util/Map/put(K,V)
5	storm/trident/topology/TridentTopologyBuilder/fleshOutStreamBatchIds(boolean)
6	storm/trident/planner/SubtopologyBolt/SubtopologyBolt(storm.trident.graph.DirectedGraph,java.util.Set,java.util.Map)
7	backtype/storm/topology/ComponentConfigurationDeclarer/addConfigurations(java.util.Map)
8	storm/trident/TridentTopology/genSpoutIds(java.util.Collection)
9	storm/trident/topology/TridentTopologyBuilder/setBatchPerTupleSpout(java.lang.String,java.lang.String,backtype.storm.topology.IRichSpout,java.lang.Integer,java.lang.String)
10	java/util/List/get(int)
11	java/util/HashMap/HashMap()
12	backtype/storm/topology/TopologyBuilder/setBolt(java.lang.String,backtype.storm.topology.IRichBolt,java.lang.Number)
13	storm/trident/topology/TridentTopologyBuilder/setSpout(java.lang.String,java.lang.String,java.lang.String,storm.trident.spout.ITridentSpout,java.lang.Integer,java.lang.String)
14	storm/trident/TridentTopology/isSpoutGroup(storm.trident.graph.Group)
15	backtype/storm/topology/InputDeclarer/grouping(backtype.storm.generated.GlobalStreamId,backtype.storm.generated.Grouping)
16	storm/trident/graph/GraphGrouper/nodeGroup(storm.trident.planner.Node)
17	backtype/storm/generated/GlobalStreamId/GlobalStreamId(java.lang.String,java.lang.String)
18	java/util/HashSet/HashSet()
19	storm/trident/topology/TridentTopologyBuilder/spoutCoordinator(java.lang.String)
20	backtype/storm/topology/TopologyBuilder/setBolt(java.lang.String,backtype.storm.topology.IBasicBolt)
21	storm/trident/topology/MasterBatchCoordinator/MasterBatchCoordinator(java.util.List,java.util.List)
22	storm/trident/topology/TridentTopologyBuilder/setBolt(java.lang.String,storm.trident.topology.ITridentBatchBolt,java.lang.Integer,java.util.Set,java.util.Map)
23	storm/trident/TridentTopology/extraPartitionInputs(storm.trident.graph.Group)
24	java/lang/RuntimeException/RuntimeException(java.lang.String)
25	java/util/Map/containsKey(java.lang.Object)
26	storm/trident/util/IndexedEdge/IndexedEdge(T,T,int)
27	backtype/storm/tuple/Tuple/getSourceComponent()
28	storm/trident/spout/RichSpoutBatchTriggerer/RichSpoutBatchTriggerer(backtype.storm.topology.IRichSpout,java.lang.String,java.lang.String)
29	backtype/storm/tuple/ITuple/getValues()
30	java/util/ArrayList/ArrayList()
31	java/util/HashSet/HashSet(java.util.Collection)
32	storm/trident/topology/TridentBoltExecutor/COORD_STREAM(java.lang.String)
33	backtype/storm/topology/InputDeclarer/directGrouping(java.lang.String,java.lang.String)
34	storm/trident/graph/GraphGrouper/mergeFully()
35	storm/trident/TridentTopology/committerBatches(storm.trident.graph.Group,java.util.Map)
36	storm/trident/topology/TridentTopologyBuilder/InputDeclaration/declare(backtype.storm.topology.InputDeclarer)
37	java/util/Queue/add(E)
38	java/util/concurrent/Semaphore/release()
39	storm/trident/graph/GraphGrouper/getAllGroups()
40	storm/trident/spout/BatchSpoutExecutor/BatchSpoutExecutor(storm.trident.spout.IBatchSpout)
41	storm/trident/TridentTopology/completeDRPC(storm.trident.DefaultDirectedGraph,java.util.Map,storm.trident.fluent.UniqueIdGen)
42	storm/trident/spout/TridentSpoutExecutor/TridentSpoutExecutor(java.lang.String,java.lang.String,storm.trident.spout.ITridentSpout)
43	backtype/storm/topology/TopologyBuilder/setSpout(java.lang.String,backtype.storm.topology.IRichSpout,java.lang.Number)
44	backtype/storm/topology/InputDeclarer/globalGrouping(java.lang.String,java.lang.String)
45	storm/trident/util/TridentUtils/getParent(storm.trident.graph.DirectedGraph,T)
46	java/util/Map/values()
47	storm/trident/TridentTopology/getOutputStreamBatchGroups(storm.trident.graph.Group,java.util.Map)
48	java/util/Set/removeAll(java.util.Collection)
49	storm/trident/topology/TridentTopologyBuilder/getBoltBatchToComponentSubscriptions(java.lang.String)
50	storm/trident/TridentTopology/externalGroupInputs(storm.trident.graph.Group)
51	storm/trident/TridentTopology/uniquedSubscriptions(java.util.Set)
52	storm/trident/topology/TridentTopologyBuilder/getBoltSubscriptionStreams(java.lang.String)
53	java/util/Map/keySet()
54	backtype/storm/tuple/Tuple/getSourceStreamId()
55	backtype/storm/topology/TopologyBuilder/setSpout(java.lang.String,backtype.storm.topology.IRichSpout)
56	storm/trident/topology/TridentBoltExecutor/CoordType/single()
57	storm/trident/graph/GraphGrouper/reindex()
58	storm/trident/topology/TridentTopologyBuilder/TridentTopologyBuilder()
59	java/util/Set/add(E)
60	storm/trident/TridentTopology/getGroupParallelisms(storm.trident.graph.DirectedGraph,storm.trident.graph.GraphGrouper,java.util.Collection)
61	storm/trident/topology/TridentBoltExecutor/CoordSpec/CoordSpec()
62	storm/trident/topology/TridentBoltExecutor/CoordType/all()
63	storm/trident/TridentTopology/addEdge(storm.trident.graph.DirectedGraph,java.lang.Object,java.lang.Object,int)
64	backtype/storm/testing/FixedTuple/FixedTuple(java.lang.String,java.util.List)
65	storm/trident/spout/TridentSpoutCoordinator/TridentSpoutCoordinator(java.lang.String,storm.trident.spout.ITridentSpout)
66	java/util/Map/get(java.lang.Object)
67	storm/trident/TridentTopology/makeIdentityNode(backtype.storm.tuple.Fields)
68	storm/trident/graph/Group/equals(java.lang.Object)
69	backtype/storm/task/OutputCollector/ack(backtype.storm.tuple.Tuple)
70	storm/trident/topology/TridentBoltExecutor/TridentBoltExecutor(storm.trident.topology.ITridentBatchBolt,java.util.Map,java.util.Map)
71	backtype/storm/topology/InputDeclarer/allGrouping(java.lang.String,java.lang.String)
72	storm/trident/topology/TridentTopologyBuilder/buildTopology()
73	storm/trident/graph/Group/Group(storm.trident.graph.DirectedGraph,storm.trident.planner.Node)
74	backtype/storm/topology/TopologyBuilder/TopologyBuilder()
75	storm/trident/topology/TridentTopologyBuilder/masterCoordinator(java.lang.String)
76	backtype/storm/generated/GlobalStreamId/get_componentId()
77	storm/trident/graph/GraphGrouper/GraphGrouper(storm.trident.graph.DirectedGraph,java.util.Collection)
78	java/util/List/size()
79	storm/trident/planner/PartitionNode/PartitionNode(java.lang.String,java.lang.String,backtype.storm.tuple.Fields,backtype.storm.generated.Grouping)
80	storm/trident/TridentTopology/makeIdentityPartition(storm.trident.planner.Node)
81	backtype/storm/topology/TopologyBuilder/createTopology()
82	storm/trident/graph/Group/Group(storm.trident.graph.DirectedGraph,java.util.List)
83	storm/trident/TridentTopology/genBoltIds(java.util.Collection)
