0	java/util/Date/Date(long)
1	java/lang/StringBuffer/StringBuffer()
2	java/beans/PropertyDescriptor/getPropertyType()
3	java/beans/PropertyDescriptor/getName()
4	java/util/Iterator/hasNext()
5	java/lang/Object/toString()
6	java/lang/Class/getComponentType()
7	java/beans/IndexedPropertyDescriptor/getIndexedPropertyType()
8	java/lang/StringBuffer/toString()
9	java/lang/IllegalArgumentException/IllegalArgumentException(java.lang.String)
10	java/text/DateFormat/format(java.util.Date)
11	java/lang/Long/longValue()
12	java/lang/Object/getClass()
13	java/lang/String/equals(java.lang.Object)
14	org/apache/commons/logging/Log/trace(java.lang.Object)
15	java/lang/StringBuffer/StringBuffer(java.lang.String)
16	java/util/Map$Entry/getKey()
17	java/lang/StringBuffer/append(java.lang.String)
18	java/util/Iterator/next()
19	java/lang/Throwable/getMessage()
20	java/lang/StringBuffer/append(java.lang.Object)
21	org/apache/commons/beanutils/converters/DateTimeConverter/log()
22	java/lang/StringBuffer/append(char)
23	java/util/Calendar/getTime()
24	java/lang/Class/getName()
25	java/beans/IndexedPropertyDescriptor/getIndexedWriteMethod()
26	org/apache/commons/beanutils/ConversionException/getMessage()
27	java/beans/PropertyDescriptor/getReadMethod()
28	java/util/Map/entrySet()
29	java/util/Set/iterator()
30	org/apache/commons/logging/Log/debug(java.lang.Object)
31	org/apache/commons/logging/Log/isDebugEnabled()
32	java/util/Map$Entry/getValue()
33	java/beans/PropertyDescriptor/getWriteMethod()
34	java/lang/Class/isArray()
35	org/apache/commons/logging/Log/isTraceEnabled()
36	java/lang/reflect/InvocationTargetException/InvocationTargetException(java.lang.Throwable,java.lang.String)
