0	org/slf4j/Logger/error(java.lang.String)
1	net/sf/ehcache/distribution/MulticastRMICacheManagerPeerProvider/unregisterPeer(java.lang.String)
2	net/sf/ehcache/distribution/MulticastRMICacheManagerPeerProvider$CachePeerEntry/access$002(net.sf.ehcache.distribution.MulticastRMICacheManagerPeerProvider$CachePeerEntry,java.util.Date)
3	java/util/Map/remove(java.lang.Object)
4	net/sf/ehcache/store/disk/DiskStorageFactory$DiskSubstitute/installed()
5	java/lang/Long/valueOf(long)
6	java/lang/StringBuilder/toString()
7	java/lang/IllegalArgumentException/IllegalArgumentException(java.lang.String)
8	java/lang/StringBuilder/append(java.lang.String)
9	java/lang/Thread/sleep(long)
10	java/rmi/NotBoundException/getMessage()
11	net/sf/ehcache/distribution/RMIAsynchronousCacheReplicator/alive()
12	java/lang/Object/getClass()
13	java/util/Date/Date()
14	org/slf4j/Logger/debug(java.lang.String,java.lang.Object)
15	java/net/ServerSocket/isClosed()
16	java/lang/Throwable/getMessage()
17	net/sf/ehcache/distribution/MulticastRMICacheManagerPeerProvider/lookupRemoteCachePeer(java.lang.String)
18	net/sf/ehcache/distribution/MulticastRMICacheManagerPeerProvider$CachePeerEntry/CachePeerEntry(net.sf.ehcache.distribution.CachePeer,java.util.Date)
19	java/lang/StringBuilder/StringBuilder()
20	java/lang/Exception/getMessage()
21	net/sf/ehcache/store/TerracottaStore/setNodeCoherent(boolean)
22	java/lang/Class/getName()
23	org/slf4j/Logger/debug(java.lang.String)
24	java/net/ServerSocket/close()
25	java/io/IOException/getMessage()
26	java/util/concurrent/locks/ReentrantReadWriteLock$WriteLock/unlock()
27	org/slf4j/Logger/error(java.lang.String,java.lang.Throwable)
28	net/sf/ehcache/store/TerracottaStore/getInternalContext()
29	java/lang/AssertionError/AssertionError(java.lang.Object)
30	java/util/Map/put(java.lang.Object,java.lang.Object)
31	java/net/ServerSocket/getLocalPort()
32	java/util/Map/get(java.lang.Object)
33	net/sf/ehcache/store/disk/Segment/writeLock()
34	java/lang/Object/equals(java.lang.Object)
35	org/slf4j/Logger/isDebugEnabled()
36	net/sf/ehcache/store/disk/DiskStorageFactory$DiskMarker/getSize()
37	net/sf/ehcache/distribution/MulticastRMICacheManagerPeerProvider$CachePeerEntry/access$000(net.sf.ehcache.distribution.MulticastRMICacheManagerPeerProvider$CachePeerEntry)
38	java/util/Queue/isEmpty()
39	net/sf/ehcache/distribution/RMIAsynchronousCacheReplicator/notAlive()
40	java/net/ServerSocket/ServerSocket(int)
41	java/util/concurrent/locks/ReentrantReadWriteLock$WriteLock/lock()
