0	java/util/TreeMap/TreeMap(java.util.Comparator)
1	java/io/BufferedReader/close()
2	java/io/File/exists()
3	java/lang/Class/forName(java.lang.String)
4	java/util/Iterator/hasNext()
5	java/util/Properties/load(java.io.InputStream)
6	java/lang/ClassLoader/getSystemResourceAsStream(java.lang.String)
7	java/io/BufferedReader/BufferedReader(java.io.Reader)
8	java/lang/RuntimeException/RuntimeException(java.lang.Throwable)
9	java/lang/ClassLoader/getResourceAsStream(java.lang.String)
10	java/lang/StringBuilder/toString()
11	java/lang/StringBuilder/append(java.lang.String)
12	java/lang/System/getProperty(java.lang.String)
13	java/lang/ClassNotFoundException/ClassNotFoundException(java.lang.String,java.lang.Throwable)
14	java/lang/Object/getClass()
15	java/lang/String/equals(java.lang.Object)
16	java/util/Map$Entry/getKey()
17	java/util/Properties/Properties()
18	java/lang/ClassLoader/getResource(java.lang.String)
19	java/io/BufferedReader/readLine()
20	java/lang/StringBuilder/append(java.lang.Object)
21	java/lang/String/toLowerCase()
22	java/util/Iterator/next()
23	java/lang/StringBuilder/StringBuilder()
24	java/util/logging/Logger/log(java.util.logging.Level,java.lang.String,java.lang.Throwable)
25	javax/ws/rs/core/MediaType$1/1()
26	java/lang/Class/getName()
27	java/lang/String/replace(char,char)
28	java/lang/Class/newInstance()
29	java/util/Properties/getProperty(java.lang.String)
30	java/util/Map/entrySet()
31	java/util/Set/iterator()
32	java/util/Map$Entry/getValue()
33	java/lang/Class/getClassLoader()
34	java/io/InputStreamReader/InputStreamReader(java.io.InputStream,java.lang.String)
35	java/io/FileInputStream/FileInputStream(java.io.File)
36	java/lang/Class/forName(java.lang.String,boolean,java.lang.ClassLoader)
37	java/io/File/File(java.lang.String)
38	java/lang/ClassLoader/getSystemClassLoader()
39	java/util/TreeMap/put(java.lang.Object,java.lang.Object)
40	java/lang/LinkageError/LinkageError(java.lang.String)
