0	java/lang/reflect/Modifier/isStatic(int)
1	java/lang/reflect/Method/getDeclaringClass()
2	java/util/Iterator/hasNext()
3	java/lang/reflect/Modifier/isPublic(int)
4	java/lang/Long/valueOf(long)
5	javax/swing/JComboBox/getEditor()
6	java/lang/StringBuilder/toString()
7	org/junit/internal/runners/MethodRoadie$1$1/1(org.junit.internal.runners.MethodRoadie$1)
8	java/lang/reflect/Method/getName()
9	java/lang/StringBuilder/append(java.lang.String)
10	java/lang/String/equals(java.lang.Object)
11	java/util/ArrayList/isEmpty()
12	java/lang/StringBuilder/append(java.lang.Object)
13	java/util/Iterator/next()
14	java/lang/StringBuilder/StringBuilder()
15	java/lang/Class/getName()
16	java/lang/reflect/Method/getModifiers()
17	java/lang/String/format(java.lang.String,java.lang.Object[])
18	java/util/concurrent/ExecutorService/awaitTermination(long,java.util.concurrent.TimeUnit)
19	java/util/concurrent/ExecutorService/shutdown()
20	java/util/concurrent/ExecutorService/shutdownNow()
21	java/util/concurrent/ExecutorService/submit(java.util.concurrent.Callable)
22	java/lang/reflect/Method/getReturnType()
23	java/util/List/add(java.lang.Object)
24	java/lang/Class/getModifiers()
25	java/util/ArrayList/iterator()
26	java/util/concurrent/Future/get(long,java.util.concurrent.TimeUnit)
27	java/lang/Exception/Exception(java.lang.String)
28	java/util/concurrent/Executors/newSingleThreadExecutor()
