0	java/lang/String/split(java.lang.String)
1	java/lang/Class/getConstructor(java.lang.Class[])
2	java/lang/Long/parseLong(java.lang.String)
3	java/lang/Long/valueOf(java.lang.String)
4	java/lang/Class/isAssignableFrom(java.lang.Class)
5	java/math/BigInteger/BigInteger(java.lang.String)
6	java/lang/Object/toString()
7	java/lang/Byte/valueOf(java.lang.String)
8	java/lang/Long/valueOf(long)
9	java/lang/Double/valueOf(java.lang.String)
10	java/lang/StringBuilder/toString()
11	java/lang/reflect/Constructor/newInstance(java.lang.Object[])
12	java/lang/StringBuilder/append(java.lang.String)
13	java/lang/String/substring(int)
14	java/lang/String/equals(java.lang.Object)
15	java/lang/String/indexOf(int)
16	org/yaml/snakeyaml/constructor/SafeConstructor$ConstructYamlNumber/construct(org.yaml.snakeyaml.nodes.Node)
17	java/lang/String/toLowerCase()
18	java/lang/StringBuilder/append(java.lang.Object)
19	java/lang/Float/Float(double)
20	java/lang/Short/valueOf(java.lang.String)
21	java/lang/Double/parseDouble(java.lang.String)
22	java/lang/StringBuilder/StringBuilder()
23	java/lang/Double/doubleValue()
24	java/lang/Double/Double(double)
25	org/yaml/snakeyaml/constructor/SafeConstructor/constructScalar(org.yaml.snakeyaml.nodes.ScalarNode)
26	java/lang/Class/getName()
27	org/yaml/snakeyaml/constructor/SafeConstructor$ConstructYamlTimestamp/ConstructYamlTimestamp()
28	java/util/Date/getTime()
29	java/lang/String/valueOf(int)
30	java/lang/String/length()
31	java/math/BigDecimal/BigDecimal(java.lang.String)
32	java/util/Map/get(java.lang.Object)
33	java/lang/Integer/parseInt(java.lang.String)
34	java/lang/String/startsWith(java.lang.String)
35	java/lang/Character/valueOf(char)
36	org/yaml/snakeyaml/constructor/SafeConstructor$ConstructYamlTimestamp/construct(org.yaml.snakeyaml.nodes.Node)
37	java/lang/String/replaceAll(java.lang.String,java.lang.String)
38	org/yaml/snakeyaml/constructor/SafeConstructor$ConstructYamlNumber/ConstructYamlNumber(org.yaml.snakeyaml.constructor.SafeConstructor)
39	java/lang/Enum/valueOf(java.lang.Class,java.lang.String)
40	org/yaml/snakeyaml/constructor/SafeConstructor$ConstructYamlTimestamp/getCalendar()
41	java/lang/Integer/valueOf(int)
42	java/lang/StringBuilder/append(int)
43	java/lang/String/charAt(int)
