0	org/codehaus/plexus/util/cli/Commandline/setWorkingDirectory(java.lang.String)
1	org/codehaus/plexus/util/cli/CommandLineUtils$StringStreamConsumer/StringStreamConsumer()
2	org/codehaus/plexus/util/StringUtils/isEmpty(java.lang.String)
3	org/codehaus/plexus/compiler/CompilerConfiguration/getWorkingDirectory()
4	java/util/Iterator/hasNext()
5	java/io/BufferedReader/BufferedReader(java.io.Reader)
6	java/io/File/File(java.lang.String,java.lang.String)
7	org/codehaus/plexus/compiler/CompilerConfiguration/getMaxmem()
8	org/codehaus/plexus/util/cli/Commandline/setExecutable(java.lang.String)
9	java/lang/StringBuilder/toString()
10	org/codehaus/plexus/util/Os/isFamily(java.lang.String)
11	org/codehaus/plexus/util/StringUtils/isNotEmpty(java.lang.String)
12	org/codehaus/plexus/util/FileUtils/fileWrite(java.lang.String,java.lang.String)
13	java/lang/StringBuilder/append(java.lang.String)
14	java/io/StringReader/StringReader(java.lang.String)
15	org/codehaus/plexus/compiler/CompilerException/CompilerException(java.lang.String,java.lang.Throwable)
16	java/util/List/isEmpty()
17	java/io/File/getAbsolutePath()
18	org/codehaus/plexus/compiler/javac/JavacCompiler/getLogger()
19	org/codehaus/plexus/util/cli/CommandLineUtils$StringStreamConsumer/getOutput()
20	org/codehaus/plexus/compiler/CompilerError/CompilerError(java.lang.String,boolean)
21	java/util/Iterator/next()
22	org/codehaus/plexus/util/cli/Commandline/getWorkingDirectory()
23	org/apache/maven/scm/provider/svn/svnexe/command/list/SvnListCommand/getLogger()
24	java/lang/StringBuilder/StringBuilder()
25	org/codehaus/plexus/util/cli/Commandline/Commandline()
26	org/codehaus/plexus/logging/Logger/isDebugEnabled()
27	org/codehaus/plexus/logging/Logger/warn(java.lang.String,java.lang.Throwable)
28	org/codehaus/plexus/compiler/CompilerConfiguration/getOutputLocation()
29	java/io/File/getName()
30	java/lang/String/replace(char,char)
31	java/util/Map/keySet()
32	java/io/File/getCanonicalPath()
33	org/codehaus/plexus/compiler/CompilerConfiguration/getMeminitial()
34	java/util/Set/iterator()
35	java/lang/String/length()
36	org/codehaus/plexus/compiler/CompilerConfiguration/getCustomCompilerArgumentsAsMap()
37	org/codehaus/plexus/logging/Logger/isWarnEnabled()
38	java/lang/String/startsWith(java.lang.String)
39	org/codehaus/plexus/util/cli/Commandline/addArguments(java.lang.String[])
40	java/lang/Runtime/getRuntime()
41	java/lang/String/replaceAll(java.lang.String,java.lang.String)
42	org/codehaus/plexus/util/cli/CommandLineUtils/executeCommandLine(org.codehaus.plexus.util.cli.Commandline,org.codehaus.plexus.util.cli.StreamConsumer,org.codehaus.plexus.util.cli.StreamConsumer)
43	java/util/List/add(java.lang.Object)
44	java/lang/Runtime/exec(java.lang.String[])
45	org/codehaus/plexus/compiler/CompilerException/CompilerException(java.lang.String)
46	org/codehaus/plexus/util/cli/Commandline/toString()
